{"stats":{"minecraft:crafted":{"biomesoplenty:cherry_planks":20,"minecraft:crafting_table":1,"minecraft:stick":4,"minecraft:wooden_pickaxe":1},"minecraft:custom":{"minecraft:time_since_rest":5640,"minecraft:crouch_one_cm":737,"minecraft:play_time":5640,"minecraft:sprint_one_cm":9403,"minecraft:walk_one_cm":11018,"minecraft:sneak_time":276,"minecraft:jump":63,"minecraft:damage_dealt":10,"minecraft:time_since_death":5640,"minecraft:total_world_time":5640,"minecraft:interact_with_crafting_table":1,"minecraft:fall_one_cm":1045,"minecraft:fly_one_cm":5830},"minecraft:mined":{"minecraft:grass":1,"minecraft:grass_block":1,"biomesoplenty:cherry_log":5,"biomesoplenty:white_cherry_leaves":1,"minecraft:dirt":2,"minecraft:stone":3},"minecraft:used":{"minecraft:crafting_table":1,"minecraft:wooden_pickaxe":3},"minecraft:picked_up":{"minecraft:stick":2,"biomesoplenty:cherry_log":5,"minecraft:dirt":3,"minecraft:cobblestone":5}},"DataVersion":3120}