{"stats":{"minecraft:crafted":{"biomesoplenty:cherry_planks":24,"minecraft:crafting_table":1,"minecraft:stick":8,"minecraft:wooden_pickaxe":1,"minecraft:wooden_axe":1},"minecraft:custom":{"minecraft:time_since_rest":4736,"minecraft:play_time":4736,"minecraft:sprint_one_cm":3682,"minecraft:walk_one_cm":3728,"minecraft:jump":14,"minecraft:time_since_death":4736,"minecraft:total_world_time":4736,"minecraft:interact_with_crafting_table":1,"minecraft:fly_one_cm":766},"minecraft:mined":{"minecraft:grass":1,"minecraft:grass_block":1,"biomesoplenty:cherry_log":6,"biomesoplenty:white_cherry_leaves":1,"minecraft:dirt":3,"minecraft:lilac":1,"minecraft:stone":14},"minecraft:used":{"minecraft:crafting_table":1,"minecraft:wooden_pickaxe":18},"minecraft:picked_up":{"biomesoplenty:white_cherry_sapling":1,"biomesoplenty:cherry_log":6,"minecraft:dirt":4,"minecraft:cobblestone":12}},"DataVersion":3120}